Record,Correct,Wrong,Percent,week
0-1,0,1,0,1
7-9,7,9,0.4375,1
9-7,9,7,0.5625,1
10-6,10,6,0.625,1
8-8,8,8,0.5,1
10-6,10,6,0.625,1
9-7,9,7,0.5625,1
6-10,6,10,0.375,1
7-9,7,9,0.4375,1
7-9,7,9,0.4375,1
8-7,8,7,0.5333333333333333,2
16-14,16,14,0.5333333333333333,2
17-13,17,13,0.5666666666666667,2
19-11,19,11,0.6333333333333333,2
15-15,15,15,0.5,2
18-12,18,12,0.6,2
17-13,17,13,0.5666666666666667,2
15-15,15,15,0.5,2
15-15,15,15,0.5,2
16-14,16,14,0.5333333333333333,2
