Record,Correct,Wrong,Percent,week
13-3,13,3,0.8125,1
15-1,15,1,0.9375,1
13-3,13,3,0.8125,1
9-7,9,7,0.5625,1
12-4,12,4,0.75,1
8-8,8,8,0.5,1
9-7,9,7,0.5625,1
12-4,12,4,0.75,1
13-3,13,3,0.8125,1
13-3,13,3,0.8125,1
9-7,9,7,0.5625,1
19-12,19,12,0.6129032258064516,2
22-10,22,10,0.6875,2
20-12,20,12,0.625,2
19-13,19,13,0.59375,2
20-12,20,12,0.625,2
13-19,13,19,0.40625,2
17-15,17,15,0.53125,2
20-12,20,12,0.625,2
19-13,19,13,0.59375,2
21-11,21,11,0.65625,2
14-18,14,18,0.4375,2
19-20,19,20,0.48717948717948717,3
29-17,29,17,0.6304347826086957,3
26-20,26,20,0.5652173913043478,3
26-20,26,20,0.5652173913043478,3
25-21,25,21,0.5434782608695652,3
20-26,20,26,0.43478260869565216,3
24-22,24,22,0.5217391304347826,3
28-18,28,18,0.6086956521739131,3
26-20,26,20,0.5652173913043478,3
27-19,27,19,0.5869565217391305,3
21-25,21,25,0.45652173913043476,3
