Correct,Wrong,Tie,Percent,week
9,7,0,0.5625,1
7,9,0,0.4375,1
8,8,0,0.5,1
7,9,0,0.4375,1
8,8,0,0.5,1
11,5,0,0.6875,1
11,5,0,0.6875,1
7,9,0,0.4375,1
17,15,0,0.53125,2
18,14,0,0.5625,2
17,15,0,0.53125,2
14,18,0,0.4375,2
19,13,0,0.59375,2
19,13,0,0.59375,2
21,11,0,0.65625,2
18,14,0,0.5625,2
