Correct,Wrong,Tie,Percent,week
10,6,0,0.625,1
7,9,0,0.4375,1
12,4,0,0.75,1
13,3,0,0.8125,1
10,6,0,0.625,1
9,7,0,0.5625,1
10,6,0,0.625,1
11,5,0,0.6875,1
17,15,0,0.53125,2
12,20,0,0.375,2
20,12,0,0.625,2
20,12,0,0.625,2
14,18,0,0.4375,2
17,15,0,0.53125,2
19,13,0,0.59375,2
18,14,0,0.5625,2
23,23,0,0.5,3
19,27,0,0.41304347826086957,3
26,20,0,0.5652173913043478,3
27,19,0,0.5869565217391305,3
18,28,0,0.391304347826087,3
24,22,0,0.5217391304347826,3
24,22,0,0.5217391304347826,3
24,22,0,0.5217391304347826,3
