Record,Correct,Wrong,Percent,week
0-1,0,1,0,1
7-9,7,9,0.4375,1
9-7,9,7,0.5625,1
10-6,10,6,0.625,1
8-8,8,8,0.5,1
10-6,10,6,0.625,1
9-7,9,7,0.5625,1
6-10,6,10,0.375,1
7-9,7,9,0.4375,1
7-9,7,9,0.4375,1
8-6,8,6,0.5714285714285714,2
9-5,9,5,0.6428571428571429,2
8-6,8,6,0.5714285714285714,2
9-5,9,5,0.6428571428571429,2
7-7,7,7,0.5,2
8-6,8,6,0.5714285714285714,2
8-6,8,6,0.5714285714285714,2
9-5,9,5,0.6428571428571429,2
8-6,8,6,0.5714285714285714,2
9-5,9,5,0.6428571428571429,2
